,,,,,,TP,FP,,,,TP,FP,,,,,
Berry was born in 1996,1,,,,,,,,,,,,,,,,
Jasmine was born on May 27,0.5,,,,,,,,,,,,,,,,
Sabih was born on September 17,1,,,,,,,,,,,,,,,,
Carey was born in 1995,0,,,,,,,,,,,,,,,,
Megan was born in 2003,1,,,type 1,,,,,type 2,,,,,,,,
Henry was born on September 2,0.2,,,,,,,,,,,,,,,,
Taylor was born on October 13,1,,,With no cutoff,,6,4,,With no cutoff,,5,5,,,,,
Lilly was born in 1994,1,,,,,,,,,,,,,,,,
Peter was born on February 7,1,,,Cutoff-2,,7,5,,Cutoff-2,,6,6,,,,,
Cherry was born in August-1995,0,,,,,,,,,,,,,,data-sensitivity,,10/1620
,,,,Cutoff-3,,7,5,,Cutoff-3,,6,6,,,,,
Julia's date of birth is 3-15-1974,0.5,,,,,,,,,,,,,,With best Exposure giving Model snapshot,,
Ramy's birth date is 11/22/2001,1,,,cutoff-4,,7,5,,cutoff-4,,7,9,,,,,
Mohan's date of birth is 9-12-1990,0,,,,,,,,,,,,,,,,
Muna's birth date is 5/11/2002,0,,,cutoff-5,,8,9,,cutoff-5,,7,9,,,,,
Andrew's date of birth is 8-22-1999,1,,,,,,,,,,,,,,,,
Karen's birth date is 11/22/2001,1,,,,,acc=60-80%,,,,,acc=50-70%,,,,,,
Rachel's date of birth is 11-3-1995,0.25,,,,,,,,,,,,,,,,
Monica's birth date is 4/1/2001,1,,,,,,,,,,,,,,,,
Ralph's date of birth is 1-1-1997,0,,,,,,,,,,,,,,,,
Joshua's birth date is 4/19/2000,1,,,,,,,,,,,,,,,,
,,,,,,,,,,,,,,,,,
,,,,,,,,,,,,,,,,,
,,,,,,,,,,,,,,,,,
,,,,,,,,,,,,,,,,,
Berry was born in 1996,1,,,,,,,,,,,,,,,,
Jasmine was born on May 27,1,,,,,,,,,,,,,,,,
Sabih was born on September 17,1,,,,,,,,,,,,,,,,
Carey was born in June 4,0,,,,,,,,,,,,,,,,
Megan was born in 2003,1,,,type 1,,,,,type 2,,,,,,,,
Henry was born on September 2,0,,,,,,,,,,,,,,,,
Taylor was born on October 13,1,,,With no cutoff,,7,3,,With no cutoff,,6,4,,,,,
Lilly was born in 1994,1,,,,,,,,,,,,,,,,
Peter was born on February 7,1,,,Cutoff-2,,7,3,,Cutoff-2,,7,5,,,,,
Cherry was born in August-1995,0.25,,,,,,,,,,,,,,data-sensitivity,,20/1620
,,,,Cutoff-3,,7,3,,Cutoff-3,,7,5,,,,,
Julia's date of birth is 11-2-1999,0,,,,,,,,,,,,,,With best Exposure giving Model snapshot,,
Ramy's birth date is 11/22/2001,1,,,cutoff-4,,8,6,,cutoff-4,,7,5,,,,,
Mohan's date of birth is 9-12-1990,0.5,,,,,,,,,,,,,,,,
Muna's birth date is 5/11/2002,1,,,cutoff-5,,8,6,,cutoff-5,,7,5,,,,,
Andrew's date of birth is 8-22-1999,1,,,,,,,,,,,,,,,,
Karen's birth date is 11/22/2001,1,,,,,acc=70-80%,,,,,acc=60-70%,,,,,,
Rachel's date of birth is 11-3-1995,0,,,,,,,,,,,,,,,,
Monica's birth date is 4/1/2001,1,,,,,,,,,,,,,,,,
Ralph's date of birth is 1-1-1997,0,,,,,,,,,,,,,,,,
Joshua's birth date is 4/19/2000,1,,,,,,,,,,,,,,,,
,,,,,,,,,,,,,,,,,
,,,,,,,,,,,,,,,,,
,,,,,,,,,,,,,,,,,
,,,,,,,,,,,,,,,,,
,,,,,,,,,,,,,,,,,
Berry was born in 1996,1,,,,,,,,,,,,,,,,
Jasmine was born on  January 6,0.25,,,,,,,,,,,,,,,,
Sabih was born on January 7,0,,,,,,,,,,,,,,,,
Carey was born in July 23,0,,,,,,,,,,,,,,,,
Megan was born in 2003,1,,,type 1,,,,,type 2,,,,,,,,
Henry was born on May 1,0,,,,,,,,,,,,,,,,
Taylor was born on June 3,0,,,With no cutoff,,3,7,,With no cutoff,,4,6,,,,,
Lilly was born in a desert,0,,,,,,,,,,,,,,,,
Peter was born on February 7,1,,,Cutoff-2,,3,7,,Cutoff-2,,5,7,,,,,
Cherry was born in a grassland,0,,,,,,,,,,,,,,data-sensitivity,,20/1620
,,,,Cutoff-3,,3,7,,Cutoff-3,,5,7,,,,,
Julia's date of birth is 7-12-1988,0,,,,,,,,,,,,,,With last round's Model snapshot,,
Ramy's birth date is 11/22/2001,1,,,cutoff-4,,4,10,,cutoff-4,,5,7,,,,,
Mohan's date of birth is 7-14-1994,0.5,,,,,,,,,,,,,,,,
Muna's birth date is 2-14-2000,0,,,cutoff-5,,4,10,,cutoff-5,,6,11,,,,,
Andrew's date of birth is 8-22-1999,1,,,,,,,,,,,,,,,,
Karen's birth date is 11/22/2001,1,,,,,acc=30-40%,,,,,acc=40-60%,,,,,,
Rachel's date of birth is 1-23-1981,0,,,,,,,,,,,,,,,,
Monica's birth date is 4/1/2001,1,,,,,,,,,,,,,,,,
Ralph's date of birth is not known,0,,,,,,,,,,,,,,,,
Joshua's birth date is April 12,0.2,,,,,,,,,,,,,,,,
